Model,Accuracy,Precision,Recall,F1-Score,ROC-AUC
Logistic Regression,0.984,0.9852941176470589,0.997872340425532,0.9915433403805497,0.99822695035461
Decision Tree,0.958,0.9667359667359667,0.9893617021276596,0.9779179810725552,0.7274468085106383
Random Forest,0.976,0.9790794979079498,0.9957446808510638,0.9873417721518988,0.9952482269503548
